Workbook

Sheet Sheet1
A3: Trend | B3: Count of Trend
A4: Material Management | B4: 95
A5: PPE | B5: 72
A6: Work at Height | B6: 67
A7: Electrical | B7: 66
A8: Barricading | B8: 60
A9: Housekeeping | B9: 60
A10: Access & Egress | B10: 37
A11: Lifting Operations | B11: 19
A12: Sharp edges | B12: 17
A13: Tools & Equipment | B13: 12
A14: Fire Safety | B14: 11
A15: Environment | B15: 10
... A21: Workbench | B21: 1
A22: (blank)
A23: Grand Total | B23: 548

Sheet CSFA Accumilative data
A1: ln | B1: Trend | C1: Observation Discription | D1: Engineer | E1: Contractors | F1: Good Citizens | G1: Violators | H1: Number of Violations | I1: Severity | J1: Violations x Severity | K1: 4 & 5 | L1: PPE Non-compliance | M1: unsafe Condes | N1: unsafe acts | O1: Contractor name | P1: Status | Q1: Danone FPR | R1: Zone | S1: Date | T1: Month
A2: 1 | B2: Material Management | C2: Stacking of material in improper way | E2: 1 | H2: 1 | I2: 3 | J2: =I2*H2 -> 3 | M2: 1 | O2: Crescon | P2: Closed | R2: Zone 1 - Chiller Building and Oil Injection | S2: 46164 | T2: May | U2: Closed
A3: =A2+1 -> 2 | B3: Material Management | C3: GI Sheet found kept untied | E3: 1 | H3: 1 | I3: 4 | J3: =I3*H3 -> 4 | K3: 1 | M3: 1 | O3: Crescon | P3: Closed | R3: Zone 1 - Chiller Building and Oil Injection | S3: 46164 | T3: May | U3: Closed
A4: =A3+1 -> 3 | B4: Barricading | C4: Uneven surface of the chiller area without barrication | E4: 1 | H4: 1 | I4: 3 | J4: =I4*H4 -> 3 | M4: 1 | O4: Crescon | P4: Closed | R4: Zone 1 - Chiller Building and Oil Injection | S4: 46164 | T4: May | U4: Closed
A5: =A4+1 -> 4 | B5: Sharp edges | C5: Sharp edges of the Electrical DB Canopy | E5: 1 | H5: 1 | I5: 4 | J5: =I5*H5 -> 4 | K5: 1 | M5: 1 | O5: Crescon | P5: Closed | R5: Zone 1 - Chiller Building and Oil Injection | S5: 46164 | T5: May | U5: Closed
A6: =A5+1 -> 5 | B6: Material Management | C6: Using of defective web-sling for lifting material | E6: 1 | F6: 5 | G6: 2 | H6: 2 | I6: 4 | J6: =I6*H6 -> 8 | K6: 1 | N6: 1 | O6: Crescon | P6: Closed | R6: Zone 1 - Chiller Building and Oil Injection | S6: 46164 | T6: May | U6: Closed | W6: 10
A7: =A6+1 -> 6 | B7: Barricading | C7: Wobling of sheets barrication due to wind | E7: 1 | H7: 1 | I7: 4 | J7: =I7*H7 -> 4 | K7: 1 | M7: 1 | O7: Crescon | P7: Closed | R7: Zone 1 - Chiller Building and Oil Injection | S7: 46164 | T7: May | U7: Closed | W7: 1
A8: =A7+1 -> 7 | B8: Barricading | C8: Insufficient barricading at roof | E8: 1 | H8: 1 | I8: 4 | J8: =I8*H8 -> 4 | K8: 1 | M8: 1 | O8: Crescon | P8: Closed | R8: Zone 1 - Chiller Building and Oil Injection | S8: 46164 | T8: May | U8: Closed | W8: 1
A9: =A8+1 -> 8 | B9: Housekeeping | C9: Poor house-keeping | E9: 1 | H9: 2 | I9: 3 | J9: =I9*H9 -> 6 | M9: 1 | O9: Crescon | P9: Closed | R9: Zone 1 - Chiller Building and Oil Injection | S9: 46164 | T9: May | U9: Closed
A10: =A9+1 -> 9 | B10: Work at Height | C10: Scaffolding with wooden planks | E10: 1 | H10: 1 | I10: 4 | J10: =I10*H10 -> 4 | K10: 1 | O10: Crescon | P10: Closed | R10: Zone 1 - Chiller Building and Oil Injection | S10: 46164 | T10: May | U10: Closed | W10: 2
A11: =A10+1 -> 10 | B11: Sharp edges | C11: Sharp edges of the Compactor Guard | E11: 1 | H11: 1 | I11: 3 | J11: =I11*H11 -> 3 | M11: 1 | O11: Crescon | P11: Closed | R11: Zone 3 - Piperack H,I & K Section, Temp. Chiller | S11: 46164 | T11: May | U11: Closed
A12: =A11+1 -> 11 | B12: Work at Height | C12: Monkey Ladder without cage | E12: 1 | H12: 1 | I12: 3 | J12: =I12*H12 -> 3 | M12: 1 | O12: Fluidline | P12: Closed | R12: Zone 3 - Piperack H,I & K Section, Temp. Chiller | S12: 46164 | T12: May | U12: Closed
A13: =A12+1 -> 12 | B13: Tools & Equipment | C13: Inspection overdue Compactor used | E13: 1 | F13: 6 | G13: 1 | H13: 1 | I13: 3 | J13: =I13*H13 -> 3 | N13: 1 | O13: Crescon | P13: Closed | R13: Zone 3 - Piperack H,I & K Section, Temp. Chiller | S13: 46164 | T13: May | U13: Closed
A14: =A13+1 -> 13 | B14: Work at Height | C14: Railings missing from the ramps | E14: 1 | H14: 1 | I14: 4 | J14: =I14*H14 -> 4 | K14: 1 | L14: 0 | M14: 1 | N14: 0 | O14: Devansh | P14: Closed | R14: Zone 1 - Chiller Building and Oil Injection | S14: 46164 | T14: May | U14: Closed | W14: 2
A15: =A14+1 -> 14 | B15: Excavation | C15: Excavated pits kept open and back filling not done | E15: 1 | H15: 1 | I15: 3 | J15: =I15*H15 -> 3 | L15: 0 | M15: 1 | N15: 0 | O15: Crescon | P15: Closed | R15: Zone 1 - Chiller Building and Oil Injection | S15: 46164 | T15: May | U15: Closed
A16: =A15+1 -> 15 | B16: Sharp edges | C16: Sharp edges of barrication sheet exposed | E16: 1 | H16: 1 | I16: 3 | J16: =I16*H16 -> 3 | L16: 0 | M16: 2 | N16: 0 | O16: Crescon | P16: Closed | R16: Zone 1 - Chiller Building and Oil Injection | S16: 46164 | T16: May | U16: Pending
A17: =A16+1 -> 16 | B17: Housekeeping | C17: 5S improper (cable trays) | E17: 1 | H17: 1 | I17: 3 | J17: =I17*H17 -> 3 | L17: 0 | M17: 1 | N17: 0 | O17: Supertech | P17: Closed | R17: Zone 1 - Chiller Building and Oil Injection | S17: 46164 | T17: May | U17: Closed
A18: =A17+1 -> 17 | B18: Environment | C18: Water logging | E18: 1 | H18: 1 | I18: 2 | J18: =I18*H18 -> 2 | M18: 1 | O18: Fluidline | P18: Closed | R18: Zone 3 - Piperack H,I & K Section, Temp. Chiller | S18: 46164 | T18: May | U18: Closed
A19: =A18+1 -> 18 | B19: Electrical | C19: Plastic chair in panel room | E19: 1 | H19: 1 | I19: 3 | J19: =I19*H19 -> 3 | M19: 1 | O19: Danone | P19: Closed | R19: Zone 1 - Chiller Building and Oil Injection | S19: 46164 | T19: May | U19: Closed | V19: =SUMIFS('CSFA Accumilative data'!T1
A20: =A19+1 -> 19 | B20: Electrical | C20: Improper Insulation | E20: 1 | H20: 1 | I20: 4 | J20: =I20*H20 -> 4 | K20: 1 | M20: 1 | O20: SPX | P20: Closed | R20: Zone 1 - Chiller Building and Oil Injection | S20: 46164 | T20: May | U20: Closed | W20: 1
A21: =A20+1 -> 20 | B21: Work at Height | C21: Cage ladder not closed | E21: 1 | H21: 1 | I21: 3 | J21: =I21*H21 -> 3 | M21: 1 | O21: Fluidline | P21: Closed | R21: Zone 3 - Piperack H,I & K Section, Temp. Chiller | S21: 46164 | T21: May | U21: Closed
A22: =A21+1 -> 21 | B22: Material Management | C22: Pannel not fixed properly at site | E22: 1 | H22: 1 | I22: 5 | J22: =I22*H22 -> 5 | K22: 1 | M22: 1 | O22: Crescon | P22: Closed | R22: Zone 1 - Chiller Building and Oil Injection | S22: 46164 | T22: May | U22: Closed | W22: 5
A23: =A22+1 -> 22 | B23: PPE | C23: Workmen without safety hand gloves | E23: 1 | F23: 2 | H23: 1 | I23: 3 | J23: =I23*H23 -> 3 | N23: 1 | O23: Crescon | P23: Closed | R23: Zone 1 - Chiller Building and Oil Injection | S23: 46164 | T23: May | U23: Closed
A24: =A23+1 -> 23 | B24: Access & Egress | C24: Permit not accessible with worker easily and found under documents after some time with no clear knowledge of work risks | E24: 1 | F24: 6 | H24: 1 | I24: 3 | J24: =I24*H24 -> 3 | O24: Fluidline | P24: Closed | R24: Zone 3 - Contractor Yard and Periphery | S24: 46164 | T24: May | U24: Closed
A25: =A24+1 -> 24 | B25: PTW & Supervision | C25: Supervisor not present for safety check while work was being done | E25: 1 | G25: 1 | H25: 1 | I25: 3 | J25: =I25*H25 -> 3 | N25: 1 | O25: Fluidline | P25: Closed | R25: Zone 3 - Contractor Yard and Periphery | S25: 46164 | T25: May | U25: Closed
A26: =A25+1 -> 25 | B26: PPE | C26: PPE not being used while marking and worker told they will use it during cutting | E26: 1 | G26: 1 | H26: 1 | I26: 3 | J26: =I26*H26 -> 3 | L26: 1 | N26: 1 | O26: Fluidline | P26: Closed | R26: Zone 3 - Contractor Yard and Periphery | S26: 46164 | T26: May | U26: Closed
A27: =A26+1 -> 26 | B27: Barricading | C27: Non Barricaded material kept near washroom area with very sharp edges and hot surface but no coverage | E27: 1 | H27: 1 | I27: 3 | J27: =I27*H27 -> 3 | M27: 1 | O27: Fluidline | P27: Closed | R27: Zone 3 - Contractor Yard and Periphery | S27: 46164 | T27: May | U27: Closed
A28: =A27+1 -> 27 | B28: Environment | C28: Inadequate illumination in contractor yard | E28: 1 | H28: 1 | I28: 3 | J28: =I28*H28 -> 3 | M28: 1 | O28: Sai Electro | P28: Closed | R28: Zone 3 - Contractor Yard and Periphery | S28: 46164 | T28: May | U28: Closed
A29: =A28+1 -> 28 | B29: Sharp edges | C29: Sharp edge on panel top sheet near container | E29: 1 | H29: 1 | I29: 4 | J29: =I29*H29 -> 4 | K29: 1 | M29: 1 | O29: Sai Electro | P29: Closed | R29: Zone 3 - Contractor Yard and Periphery | S29: 46164 | T29: May | U29: Closed | W29: 3
A30: =A29+1 -> 29 | B30: Electrical | C30: No earthing on power distribution board | E30: 1 | H30: 1 | I30: 4 | J30: =I30*H30 -> 4 | M30: 1 | O30: Esspee | P30: Closed | R30: Zone 3 - Contractor Yard and Periphery | S30: 46164 | T30: May | U30: Closed | W30: 6
A31: =A30+1 -> 30 | B31: Material Management | C31: Broken chair kept in the contractor area | E31: 1 | H31: 1 | I31: 3 | J31: =I31*H31 -> 3 | M31: 1 | O31: Esspee | P31: Closed | R31: Zone 3 - Contractor Yard and Periphery | S31: 46164 | T31: May | U31: Closed
A32: =A31+1 -> 31 | B32: Access & Egress | C32: Loose sheet lying on pathway | E32: 1 | H32: 1 | I32: 3 | J32: =I32*H32 -> 3 | M32: 1 | O32: Esspee | P32: Closed | R32: Zone 3 - Contractor Yard and Periphery | S32: 46164 | T32: May | U32: Closed
A33: =A32+1 -> 32 | B33: Material Management | C33: Wheel chokes Not used for sludge truck | E33: 1 | G33: 1 | H33: 1 | I33: 3 | J33: =I33*H33 -> 3 | M33: 1 | N33: 1 | O33: Esspee | P33: Closed | R33: Zone 3 - Contractor Yard and Periphery | S33: 46164 | T33: May | U33: Closed
A34: =A33+1 -> 33 | B34: Material Management | C34: No signage or hazard warning for stored compressed cylinders | E34: 1 | H34: 1 | I34: 3 | J34: =I34*H34 -> 3 | M34: 1 | O34: Fluidline | P34: Closed | R34: Zone 1 - Chiller Building and Oil Injection | S34: 46164 | T34: May | U34: Pending
A35: =A34+1 -> 34 | B35: Housekeeping | C35: Material stored in oil injection area without following 5S | E35: 1 | H35: 1 | I35: 1 | J35: =I35*H35 -> 1 | M35: 1 | O35: Devansh | P35: Pending | R35: Zone 1 - Chiller Building and Oil Injection | S35: 46165 | T35: May | U35: Closed
A36: =A35+1 -> 35 | B36: Tools & Equipment | C36: Not using wise while cutting square pipe with grinder by holding | E36: 1 | F36: 5 | G36: 1 | H36: 1 | I36: 4 | J36: =I36*H36 -> 4 | K36: 1 | N36: 1 | O36: CCEPL | P36: Closed | R36: Zone 3 - Contractor Yard and Periphery | S36: 46165 | T36: May | U36: Closed | W36: 2
A37: =A36+1 -> 36 | B37: Sharp edges | C37: Sharp edges of the GI sheet exposed | E37: 1 | H37: 1 | I37: 3 | J37: =I37*H37 -> 3 | M37: 1 | O37: Fluidline | P37: Closed | R37: Zone 3 - Piperack H,I & K Section, Temp. Chiller | S37: 46165 | T37: May | U37: Closed
A38: =A37+1 -> 37 | B38: Environment | C38: Water logging near cooling tower | E38: 1 | H38: 1 | I38: 3 | J38: =I38*H38 -> 3 | M38: 1 | O38: Fluidline | P38: Closed | R38: Zone 3 - Piperack H,I & K Section, Temp. Chiller | S38: 46165 | T38: May | U38: Closed
A39: =A38+1 -> 38 | B39: Housekeeping | C39: Poor house keeping - Unwanted material kept in the way | E39: 1 | H39: 1 | I39: 2 | J39: =I39*H39 -> 2 | M39: 1 | O39: Crescon | P39: Closed | R39: Zone 3 - Piperack H,I & K Section, Temp. Chiller | S39: 46165 | T39: May | U39: Closed
A40: =A39+1 -> 39 | B40: Housekeeping | C40: House Keeping to improve | E40: 1 | H40: 1 | I40: 2 | J40: =I40*H40 -> 2 | M40: 1 | O40: SPX | P40: Closed | R40: Zone 4 - Oil Blending, Panel Room, Refrigeration Building & Roof Areas | S40: 46165 | T40: May | U40: Closed
A41: =A40+1 -> 40 | B41: Electrical | C41: Manual Transfer of Panels through Staircase | E41: 1 | F41: 10 | G41: 3 | H41: 1 | I41: 3 | J41: =I41*H41 -> 3 | N41: 1 | O41: Esspee | P41: Closed | R41: Zone 2 - Evaporator Building | S41: 46165 | T41: May | U41: Closed
A42: =A41+1 -> 41 | B42: Electrical | C42: Loose cables and unwanted cables removal | E42: 1 | H42: 1 | I42: 3 | J42: =I42*H42 -> 3 | M42: 1 | O42: Esspee | P42: Closed | R42: Zone 4 - Oil Blending, Panel Room, Refrigeration Building & Roof Areas | S42: 46165 | T42: May | U42: Closed
A43: =A42+1 -> 42 | B43: Electrical | C43: Disconnector Switch for DB panel required | E43: 1 | H43: 1 | I43: 3 | J43: =I43*H43 -> 3 | M43: 1 | O43: Danone | P43: Pending | Q43: Danish | R43: Zone 4 - Oil Blending, Panel Room, Refrigeration Building & Roof Areas | S43: 46165 | T43: May | U43: Pending | V43: Danish
A44: =A43+1 -> 43 | B44: Work at Height | C44: Access to Staircase is open, and the platform is not complete | E44: 1 | H44: 1 | I44: 2 | J44: =I44*H44 -> 2 | M44: 1 | O44: Devansh | P44: Closed | R44: Zone 1 - Chiller Building and Oil Injection | S44: 46165 | T44: May | U44: Closed
A45: =A44+1 -> 44 | B45: Access & Egress | C45: Pathway was blocked .jsa was not capturing all the hazards | E45: 1 | H45: 1 | I45: 3 | J45: =I45*H45 -> 3 | M45: 1 | O45: CCEPL | P45: Closed | R45: Zone 3 - Piperack H,I & K Section, Temp. Chiller | S45: 46165 | T45: May | U45: Closed
A46: =A45+1 -> 45 | B46: Barricading | C46: Area was not barricade | E46: 1 | F46: 6 | G46: 3 | H46: 1 | I46: 3 | J46: =I46*H46 -> 3 | N46: 1 | O46: CCEPL | P46: Closed | R46: Zone 3 - Piperack H,I & K Section, Temp. Chiller | S46: 46165 | T46: May | U46: Closed
A47: =A46+1 -> 46 | B47: Lifting Operations | C47: During the Critical lifting activities, Multiple Non-compliances were Observed in Pipe rack side.1. Supervisor and safety engineer is not at site. 2. JSA condition not respected during emergency 3. Excavated area in the vicinity of work may lead to the incident 4. Pipe rack kept in the pathway causing the trip hazard 5. Boom lifter person was in the line of fire | E47: 1 | F47: 8 | G47: 3 | H47: 5 | I47: 4 | J47: =I47*H47 -> 20 | K47: 1 | M47: 1 | N47: 1 | O47: Crescon | P47: Closed | R47: Zone 3 - Piperack H,I & K Section, Temp. Chiller | S47: 46167 | T47: May | U47: Closed
A48: =A47+1 -> 47 | B48: Work at Height | C48: Scaffold inspection tag missing, open wire observed in the area. concrete needs to be removed from the area. Door of roof is still open | E48: 1 | H48: 1 | I48: 3 | J48: =I48*H48 -> 3 | M48: 1 | O48: Aalanna | P48: Closed | R48: Zone 2 - Evaporator Building | S48: 46167 | T48: May | U48: Closed
A49: =A48+1 -> 48 | B49: Access & Egress | C49: Staircase is not adequate in the entrance. | E49: 1 | H49: 1 | I49: 3 | J49: =I49*H49 -> 3 | M49: 1 | O49: Aalanna | P49: Closed | R49: Zone 2 - Evaporator Building | S49: 46167 | T49: May | U49: Pending
A50: =A49+1 -> 49 | B50: Work at Height | C50: Ladder leading to Tanks platform is not locked | E50: 1 | H50: 1 | I50: 3 | J50: =I50*H50 -> 3 | M50: 1 | O50: Devansh | P50: Closed | R50: Zone 1 - Chiller Building and Oil Injection | S50: 46167 | T50: May | U50: Pending
A51: =A50+1 -> 50 | B51: Housekeeping | C51: House keeping to be improved | E51: 1 | H51: 1 | I51: 1 | J51: =I51*H51 -> 1 | M51: 1 | O51: Devansh | P51: Closed | R51: Zone 1 - Chiller Building and Oil Injection | S51: 46167 | T51: May | U51: Pending
A52: =A51+1 -> 51 | B52: Work at Height | C52: Step platform, Slip / Trip Caution Marking | E52: 1 | H52: 1 | I52: 3 | J52: =I52*H52 -> 3 | M52: 1 | O52: Devansh | P52: Closed | R52: Zone 1 - Chiller Building and Oil Injection | S52: 46167 | T52: May | U52: Pending
A53: =A52+1 -> 52 | B53: Work at Height | C53: Platform tanker unloading - not locked / secured properly to avoid man movement | E53: 1 | H53: 1 | I53: 3 | J53: =I53*H53 -> 3 | M53: 1 | O53: Devansh | P53: Closed | R53: Zone 1 - Chiller Building and Oil Injection | S53: 46167 | T53: May | U53: Closed
A54: =A53+1 -> 53 | B54: Electrical | C54: Dust could be seen on floor and around from outside. Also, temporary hanging cable was going into oil storage room which needs to be corrected. The connection point from panel had gland missing which poses a risk of lizard or insects entering in panel and might lead to electrical hazard. | E54: 1 | H54: 1 | I54: 1 | J54: =I54*H54 -> 1 | M54: 1 | O54: SPX | P54: Closed | R54: Zone 4 - Oil Blending, Panel Room, Refrigeration Building & Roof Areas | S54: 46167 | T54: May | U54: Closed
A55: =A54+1 -> 54 | B55: PPE | C55: Insulation over rockwool being done and worker with out mask and goggles. | E55: 1 | F55: 8 | G55: 1 | H55: 1 | I55: 3 | J55: =I55*H55 -> 3 | L55: 1 | N55: 1 | O55: SPX | P55: Closed | R55: Zone 4 - Oil Blending, Panel Room, Refrigeration Building & Roof Areas | S55: 46167 | T55: May | U55: Closed
A56: =A55+1 -> 55 | B56: Housekeeping | C56: Poor housekeeping, scrap material found in work place | E56: 1 | H56: 1 | I56: 2 | J56: =I56*H56 -> 2 | M56: 1 | O56: SPX | P56: Closed | R56: Zone 4 - Oil Blending, Panel Room, Refrigeration Building & Roof Areas | S56: 46167 | T56: May | U56: Closed
A57: =A56+1 -> 56 | B57: PPE | C57: Person found without hand gloves | F57: 3 | G57: 6 | H57: 1 | I57: 2 | J57: =I57*H57 -> 2 | L57: 1 | O57: SPX | P57: Closed | R57: Zone 4 - Oil Blending, Panel Room, Refrigeration Building & Roof Areas | S57: 46167 | T57: May | U57: Closed
A58: =A57+1 -> 57 | B58: Electrical | C58: Improper way of laying the cables - of extension board | E58: 1 | H58: 1 | I58: 3 | J58: =I58*H58 -> 3 | M58: 1 | O58: Fluidline | P58: Closed | R58: Zone 3 - Piperack H,I & K Section, Temp. Chiller | S58: 46167 | T58: May | U58: Closed
A59: =A58+1 -> 58 | B59: Material Management | C59: Improper support of cooling tower | E59: 1 | H59: 1 | I59: 3 | J59: =I59*H59 -> 3 | M59: 1 | O59: Fluidline | P59: Closed | R59: Zone 3 - Piperack H,I & K Section, Temp. Chiller | S59: 46167 | T59: May | U59: Closed
A60: =A59+1 -> 59 | B60: Barricading | C60: During lunch area observed unbarricated & witbout supervion | E60: 1 | H60: 1 | I60: 3 | J60: =I60*H60 -> 3 | M60: 1 | O60: Aalanna | P60: Closed | R60: Zone 2 - Evaporator Building | S60: 46167 | T60: May | U60: Closed
A61: =A60+1 -> 60 | B61: Work at Height | C61: Platform support near pedestrial walkway creating obstuction (trip hazard) | E61: 1 | H61: 1 | I61: 2 | J61: =I61*H61 -> 2 | M61: 1 | O61: Aalanna | P61: Closed | R61: Zone 2 - Evaporator Building | S61: 46167 | T61: May | U61: Closed
A62: =A61+1 -> 61 | B62: Access & Egress | C62: Drain observed open & drain cover kept in the walkway | H62: 1 | I62: 2 | J62: =I62*H62 -> 2 | M62: 1 | O62: Aalanna | P62: Closed | R62: Zone 2 - Evaporator Building | S62: 46167 | T62: May | U62: Closed
A63: =A62+1 -> 62 | B63: Electrical | C63: Improper cable storage | E63: 1 | H63: 1 | I63: 2 | J63: =I63*H63 -> 2 | M63: 1 | O63: GEA | P63: Closed | R63: Zone 3 - Contractor Yard and Periphery | S63: 46167 | T63: May | U63: Closed
A64: =A63+1 -> 63 | B64: Electrical | C64: Improper stacking of panels/sheets observed on ground. Material not stored safely and may collapse or cause handling hazard. | E64: 1 | H64: 1 | I64: 3 | J64: =I64*H64 -> 3 | M64: 1 | O64: CCEPL | P64: Closed | R64: Zone 3 - Contractor Yard and Periphery | S64: 46167 | T64: May | U64: Closed
A65: =A64+1 -> 64 | B65: Material Management | C65: Pipes/material improperly stored near assembly area. | E65: 1 | H65: 1 | I65: 3 | J65: =I65*H65 -> 3 | M65: 1 | O65: GEA | P65: Closed | R65: Zone 3 - Contractor Yard and Periphery | S65: 46167 | T65: May | U65: Closed
A66: =A65+1 -> 65 | B66: Housekeeping | C66: 5S not maintained inside container. Poor housekeeping, blocked access, and improper material storage observed, | E66: 1 | H66: 1 | I66: 3 | J66: =I66*H66 -> 3 | M66: 1 | O66: Fluidline | P66: Closed | R66: Zone 3 - Contractor Yard and Periphery | S66: 46167 | T66: May | U66: Pending
A67: =A66+1 -> 66 | B67: Housekeeping | C67: 5S not maintained inside container. Poor housekeeping, blocked access, and improper material storage observed | E67: 1 | H67: 1 | I67: 3 | J67: =I67*H67 -> 3 | M67: 1 | O67: Esspee | P67: Closed | R67: Zone 3 - Contractor Yard and Periphery | S67: 46167 | T67: May | U67: Pending
A68: =A67+1 -> 67 | B68: Housekeeping | C68: Housekeeping not maintained | E68: 1 | H68: 1 | I68: 2 | J68: =I68*H68 -> 2 | M68: 1 | O68: CCEPL | P68: Closed | R68: Zone 3 - Contractor Yard and Periphery | S68: 46167 | T68: May | U68: Closed
A69: =A68+1 -> 68 | B69: PPE | C69: Rebinding work involves fixing rebars into existing concrete structures using chemical anchoring systems (HILTI HIT) for structural continuity. During this activity, a worker was observed working without safety goggles, which is a violation of safety protocol and exposes the individual to risks of eye injury from drilling dust, flying debris, and chemical splashes. | E69: 1 | F69: 5 | G69: 2 | H69: 1 | I69: 3 | J69: =I69*H69 -> 3 | L69: 1 | N69: 1 | O69: Esspee | P69: Closed | R69: Zone 2 - Evaporator Building | S69: 46167 | T69: May | U69: Closed
A70: =A69+1 -> 69 | B70: Access & Egress | C70: The door at the top of the evaporator building (old dryer side) was found open, and an unusual gap was observed in the stair steps. This condition creates a potential fall hazard and indicates a safety protocol violation due to unsafe access conditions. | E70: 1 | H70: 1 | I70: 3 | J70: =I70*H70 -> 3 | M70: 1 | O70: Esspee | P70: Closed | R70: Zone 2 - Evaporator Building | S70: 46167 | T70: May | U70: Closed
A71: =A70+1 -> 70 | B71: Sharp edges | C71: Gi sheet used for partition at observed tied with plastic rope without proper fixing Near temporary chiller cooling tower, sharp edges of the sheet are not covered | E71: 1 | H71: 1 | I71: 4 | J71: =I71*H71 -> 4 | K71: 1 | M71: 1 | O71: Crescon | P71: Closed | R71: Zone 3 - Piperack H,I & K Section, Temp. Chiller | S71: 46168 | T71: May | U71: Closed
A72: =A71+1 -> 71 | B72: Lifting Operations | C72: Observed unloading conret blocks from tractor trolley by standing on the trolley without fall protection | E72: 1 | F72: 7 | G72: 2 | H72: 1 | I72: 3 | J72: =I72*H72 -> 3 | N72: 1 | O72: Crescon | P72: Closed | R72: Zone 3 - Piperack H,I & K Section, Temp. Chiller | S72: 46168 | T72: May | U72: Closed
A73: =A72+1 -> 72 | B73: Access & Egress | C73: Access to teh chiller area is not proper (slip & trip hazard) | E73: 1 | H73: 1 | I73: 2 | J73: =I73*H73 -> 2 | M73: 1 | O73: Crescon | P73: Closed | R73: Zone 3 - Piperack H,I & K Section, Temp. Chiller | S73: 46168 | T73: May | U73: Closed
A74: =A73+1 -> 73 | B74: Lifting Operations | C74: Handling a full roll of sheet firstly single handely and then on feedback 2 people doing heavy lifting. Asked them to arrange a trolley to pick it up as it was too heavy and they were just able to move 7-8 steps and then stop to change hand to take the load. Ergonomically not feasible exercise of lifting they were doing | E74: 1 | F74: 5 | G74: 2 | H74: 1 | I74: 3 | J74: =I74*H74 -> 3 | N74: 1 | O74: Maptrix | P74: Closed | R74: Zone 3 - Piperack H,I & K Section, Temp. Chiller | S74: 46168 | T74: May | U74: Closed
A75: =A74+1 -> 74 | B75: Sharp edges | C75: they are creating a structure and welding and that iron strucutre has sharp edges and corners which are uncovered near potta cabins which are too risky for handling for cut related injuries. | E75: 1 | H75: 1 | I75: 4 | J75: =I75*H75 -> 4 | K75: 1 | N75: 1 | O75: Fluidline | P75: Closed | R75: Zone 3 - Contractor Yard and Periphery | S75: 46168 | T75: May | U75: Closed
A76: =A75+1 -> 75 | B76: Material Management | C76: Improper storage arrangement observed for refrigerant compressed gas cylinders. | E76: 1 | H76: 1 | I76: 3 | J76: =I76*H76 -> 3 | M76: 1 | O76: Fluidline | P76: Closed | R76: Zone 1 - Chiller Building and Oil Injection | S76: 46168 | T76: May | U76: Closed
A77: =A76+1 -> 76 | B77: Housekeeping | C77: Electrical cable tray and cables were not properly arranged. Poor housekeeping and 5S standards were not maintained | E77: 1 | H77: 1 | I77: 3 | J77: =I77*H77 -> 3 | M77: 1 | O77: Supertech | P77: Closed | R77: Zone 1 - Chiller Building and Oil Injection | S77: 46168 | T77: May | U77: Closed
A78: =A77+1 -> 77 | B78: Electrical | C78: Electrical cable was found directly tied the scaffolding during working at height | E78: 1 | F78: 2 | H78: 1 | I78: 4 | J78: =I78*H78 -> 4 | K78: 1 | N78: 1 | O78: GEA | P78: Closed | R78: Zone 2 - Evaporator Building | S78: 46168 | T78: May | U78: Closed
A79: =A78+1 -> 78 | B79: PPE | C79: Not using goggles shifting of bricks | E79: 1 | F79: 4 | G79: 4 | H79: 1 | I79: 3 | J79: =I79*H79 -> 3 | N79: 1 | O79: Crescon | P79: Closed | R79: Zone 1 - Chiller Building and Oil Injection | S79: 46168 | T79: May | U79: Closed
A80: =A79+1 -> 79 | B80: Barricading | C80: Missing barrication below the pipe rack | E80: 1 | H80: 1 | I80: 3 | J80: =I80*H80 -> 3 | M80: 1 | O80: Crescon | P80: Closed | R80: Zone 1 - Chiller Building and Oil Injection | S80: 46168 | T80: May | U80: Closed
A81: =A80+1 -> 80 | B81: Electrical | C81: Loose temporary cable found on the area | E81: 1 | H81: 1 | I81: 3 | J81: =I81*H81 -> 3 | M81: 1 | O81: Crescon | P81: Closed | R81: Zone 1 - Chiller Building and Oil Injection | S81: 46168 | T81: May | U81: Closed
A82: =A81+1 -> 81 | B82: Work at Height | C82: Non standard ladder used by team, no safe , instructions not followed by contractor | E82: 1 | F82: 4 | G82: 2 | H82: 1 | I82: 3 | J82: =I82*H82 -> 3 | N82: 1 | O82: Fluidline | P82: Closed | R82: Zone 3 - Piperack H,I & K Section, Temp. Chiller | S82: 46168 | T82: May | U82: Closed
A83: =A82+1 -> 82 | B83: Barricading | C83: Area not barricade,proper walkway is not defined one person found using mobile phone while working | E83: 1 | F83: 12 | G83: 2 | H83: 1 | I83: 3 | J83: =I83*H83 -> 3 | N83: 1 | O83: Crescon | P83: Closed | R83: Zone 1 - Chiller Building and Oil Injection | S83: 46168 | T83: May | U83: Closed
A84: =A83+1 -> 83 | B84: Material Management | C84: Uneven access area, materials kept in movement area | E84: 1 | H84: 1 | I84: 2 | J84: =I84*H84 -> 2 | M84: 1 | O84: Crescon | P84: Closed | R84: Zone 1 - Chiller Building and Oil Injection | S84: 46168 | T84: May | U84: Closed
A85: =A84+1 -> 84 | B85: Tools & Equipment | C85: Non compliant tool - hacksaw without frame is being used | E85: 1 | F85: 12 | G85: 1 | H85: 1 | I85: 4 | J85: =I85*H85 -> 4 | K85: 1 | N85: 1 | O85: Crescon | P85: Closed | R85: Zone 1 - Chiller Building and Oil Injection | S85: 46168 | T85: May | U85: Closed
A86: =A85+1 -> 85 | B86: Access & Egress | C86: The design of the cutting structure behind the MWRS poses a safety risk due to an angle welded at the bottom of the rectangular frame, creating a potential slip and fall hazard. | E86: 1 | H86: 1 | I86: 2 | J86: =I86*H86 -> 2 | M86: 1 | O86: GEA | P86: Closed | R86: Zone 3 - Contractor Yard and Periphery | S86: 46168 | T86: May | U86: Closed
A87: =A86+1 -> 86 | B87: Access & Egress | C87: It has been observed that people are using the pathway between the two containers, but the exit is very narrow, which poses a safety risk | E87: 1 | F87: 15 | G87: 2 | H87: 1 | I87: 3 | J87: =I87*H87 -> 3 | N87: 1 | O87: Danone | P87: Closed | R87: Zone 3 - Contractor Yard and Periphery | S87: 46168 | T87: May | U87: Closed
A88: =A87+1 -> 87 | B88: Access & Egress | C88: People are using the pathway between the contractor yard and the chiller building, which passes through the plantation area. The surface is uneven and not level, posing a risk of slips and falls | E88: 1 | F88: 1 | G88: 20 | H88: 1 | I88: 3 | J88: =I88*H88 -> 3 | N88: 1 | O88: Crescon | P88: Closed | R88: Zone 3 - Contractor Yard and Periphery | S88: 46168 | T88: May | U88: Closed
A89: =A88+1 -> 88 | B89: Material Management | C89: Standing on tractor material | E89: 1 | F89: 7 | G89: 2 | H89: 1 | I89: 3 | J89: =I89*H89 -> 3 | N89: 1 | O89: Aalanna | P89: Closed | R89: Zone 3 - Contractor Yard and Periphery | S89: 46169 | T89: May | U89: Closed
A90: =A89+1 -> 89 | B90: PPE | C90: Crane kept without wheel stopper | H90: 1 | I90: 2 | J90: =I90*H90 -> 2 | M90: 1 | O90: Esspee | P90: Closed | R90: Zone 3 - Contractor Yard and Periphery | S90: 46169 | T90: May | U90: Closed
A91: =A90+1 -> 90 | B91: PPE | C91: Truck without wheel stopper | H91: 1 | I91: 3 | J91: =I91*H91 -> 3 | M91: 1 | O91: Aalanna | P91: Closed | R91: Zone 3 - Contractor Yard and Periphery | S91: 46169 | T91: May | U91: Closed
A92: =A91+1 -> 91 | B92: Lifting Operations | C92: Too many people gathering during the lifting activity | E92: 1 | F92: 39 | G92: 30 | H92: 1 | I92: 3 | J92: =I92*H92 -> 3 | N92: 1 | O92: Fluidline | P92: Closed | R92: Zone 1 - Chiller Building and Oil Injection | S92: 46169 | T92: May | U92: Closed
A93: =A92+1 -> 92 | B93: Material Management | C93: Trolly observed without wheel chokes. | E93: 1 | F93: 0 | G93: 0 | H93: 1 | I93: 3 | J93: =I93*H93 -> 3 | N93: 1 | O93: Crescon | P93: Closed | R93: Zone 1 - Chiller Building and Oil Injection | S93: 46169 | T93: May | U93: Closed
A94: =A93+1 -> 93 | B94: Material Management | C94: Worker leaning support on the rebars | E94: 1 | H94: 1 | I94: 3 | J94: =I94*H94 -> 3 | M94: 1 | O94: Crescon | P94: Closed | R94: Zone 1 - Chiller Building and Oil Injection | S94: 46169 | T94: May | U94: Closed
A95: =A94+1 -> 94 | B95: Unsafe Behavior | C95: Using mobile phone at working area | E95: 1 | F95: 8 | G95: 1 | H95: 1 | I95: 1 | J95: =I95*H95 -> 1 | N95: 1 | O95: Fluidline | P95: Closed | R95: Zone 3 - Piperack H,I & K Section, Temp. Chiller | S95: 46169 | T95: May | U95: Closed
A96: =A95+1 -> 95 | B96: PPE | C96: Crane operator was not wearing PPE | E96: 1 | F96: 15 | G96: 1 | H96: 1 | I96: 1 | J96: =I96*H96 -> 1 | L96: 1 | N96: 1 | O96: Fluidline | P96: Closed | R96: Zone 3 - Piperack H,I & K Section, Temp. Chiller | S96: 46169 | T96: May | U96: Closed
A97: =A96+1 -> 96 | B97: Barricading | C97: Parapet wall opening above Utility building without barrication | E97: 1 | H97: 1 | I97: 4 | J97: =I97*H97 -> 4 | K97: 1 | M97: 1 | O97: Fluidline | P97: Closed | R97: Zone 3 - Piperack H,I & K Section, Temp. Chiller | S97: 46169 | T97: May | U97: Closed
A98: =A97+1 -> 97 | B98: Electrical | C98: Construction power cable taken through door | E98: 1 | H98: 1 | I98: 3 | J98: =I98*H98 -> 3 | M98: 1 | O98: SPX | P98: Closed | R98: Zone 4 - Oil Blending, Panel Room, Refrigeration Building & Roof Areas | S98: 46169 | T98: May | U98: Closed
A99: =A98+1 -> 98 | B99: Housekeeping | C99: Untidy area on Evaporator roofop | E99: 1 | F99: 10 | G99: 2 | H99: 1 | I99: 1 | J99: =I99*H99 -> 1 | N99: 1 | O99: Esspee | P99: Closed | R99: Zone 2 - Evaporator Building | S99: 46169 | T99: May | U99: Closed
A100: =A99+1 -> 99 | B100: Access & Egress | C100: Stircase top step flight is too high creating trip hazard at top of evaporator | E100: 1 | H100: 1 | I100: 4 | J100: =I100*H100 -> 4 | K100: 1 | M100: 1 | O100: Aalanna | P100: Closed | R100: Zone 2 - Evaporator Building | S100: 46169 | T100: May | U100: Closed
...

Sheet Severity info
A1: Severity | B1: (All)
A3: Count of Contractor name | B3: Column Labels
B4: <22-05-2026 | C4: May | D4: Jun | E4: Grand Total
A6: Row Labels
A7: Aalanna | C7: 19 | D7: 37 | E7: 56
A8: All | D8: 5 | E8: 5
A9: CCEPL | C9: 8 | D9: 14 | E9: 22
A10: Crescon | C10: 48 | D10: 72 | E10: 120
A11: Danone | C11: 6 | D11: 46 | E11: 52
A12: Devansh | C12: 7 | D12: 6 | E12: 13
A13: Esspee | C13: 14 | D13: 33 | E13: 47
A14: Fluidline | C14: 31 | D14: 110 | E14: 141
A15: GEA | C15: 5 | D15: 43 | E15: 48
A16: Maptrix | C16: 1 | E16: 1 | G16: Average severity based upon Accumilative sheet
A17: Project Management & Structure | D17: 3 | E17: 3 | U17: Vendor-monthly observations
A18: Sai Electro | C18: 3 | E18: 3 | G18: DO NOT TOUCH | I18: Avg. Severity Score YTD | J18: Unsafe acts | K18: July16th-July30th | L18: unsafe acts | N18: DO NOT TOUCH | O18: SEVERITY | P18: NO. OF OBS | Q18: NO. OF CLOSED | U18: Vendor | V18: Month | W18: 4&5 observations | X18: Change from prev month
A19: SPX | C19: 8 | D19: 20 | E19: 28 | G19: Vendor | H19: EssPee | I19: =SUMIFS('CSFA Accumilative data'!I:I,'CSFA Accumilative data'!O:O,'Severity info'!H19)/COUNTIFS('CSFA Accumilative data'!O:O,'Severity info'!H19) -> 2.6595745 | J19: =SUMIFS('CSFA Accumilative data'!N:N,'CSFA Accumilative data'!O:O,'Severity info'!H19) -> 15 | K19: =SUMIFS('CSFA Accumilative data'!$I$369:$I$553,'CSFA Accumilative data'!$O$369:$O$553,'Severity info'!H19)/COUNTIFS('CSFA Accumilative data'!$O$369:$O$553,'Severity info'!H19) -> 2.6923077 | L19: =SUMIFS('CSFA Accumilative data'!$N$369:$N$553,'CSFA Accumilative data'!$O$369:$O$553,'Severity info'!H19) -> 4 | N19: Closed | O19: 4 | P19: =COUNTIFS('CSFA Accumilative data'!I:I,'Severity info'!O19) -> 74 | Q19: =COUNTIFS('CSFA Accumilative data'!I:I,'Severity info'!O19,'CSFA Accumilative data'!P:P,'Severity info'!N19) -> 65 | U19: Aalanna | V19: May | W19: =SUMIFS('CSFA Accumilative data'!K:K,'CSFA Accumilative data'!T:T,'Severity info'!V19,'CSFA Accumilative data'!O:O,'Severity info'!U19) -> 4
A20: Supertech | C20: 2 | D20: 1 | E20: 3 | H20: Crescon | I20: =SUMIFS('CSFA Accumilative data'!I:I,'CSFA Accumilative data'!O:O,'Severity info'!H20)/COUNTIFS('CSFA Accumilative data'!O:O,'Severity info'!H20) -> 3.025 | J20: =SUMIFS('CSFA Accumilative data'!N:N,'CSFA Accumilative data'!O:O,'Severity info'!H20) -> 54 | K20: =SUMIFS('CSFA Accumilative data'!$I$369:$I$553,'CSFA Accumilative data'!$O$369:$O$553,'Severity info'!H20)/COUNTIFS('CSFA Accumilative data'!$O$369:$O$553,'Severity info'!H20) -> 3.0857143 | L20: =SUMIFS('CSFA Accumilative data'!$N$369:$N$553,'CSFA Accumilative data'!$O$369:$O$553,'Severity info'!H20) -> 15 | N20: Closed | O20: 5 | P20: =COUNTIFS('CSFA Accumilative data'!I:I,'Severity info'!O20) -> 14 | Q20: =COUNTIFS('CSFA Accumilative data'!I:I,'Severity info'!O20,'CSFA Accumilative data'!P:P,'Severity info'!N20) -> 13 | U20: CCEPL | V20: May | W20: =SUMIFS('CSFA Accumilative data'!K:K,'CSFA Accumilative data'!T:T,'Severity info'!V20,'CSFA Accumilative data'!O:O,'Severity info'!U20) -> 2
A21: (blank) | H21: Fluidline | I21: =SUMIFS('CSFA Accumilative data'!I:I,'CSFA Accumilative data'!O:O,'Severity info'!H21)/COUNTIFS('CSFA Accumilative data'!O:O,'Severity info'!H21) -> 2.9716312 | J21: =SUMIFS('CSFA Accumilative data'!N:N,'CSFA Accumilative data'!O:O,'Severity info'!H21) -> 57 | K21: =SUMIFS('CSFA Accumilative data'!$I$369:$I$553,'CSFA Accumilative data'!$O$369:$O$553,'Severity info'!H21)/COUNTIFS('CSFA Accumilative data'!$O$369:$O$553,'Severity info'!H21) -> 2.9607843 | L21: =SUMIFS('CSFA Accumilative data'!$N$369:$N$553,'CSFA Accumilative data'!$O$369:$O$553,'Severity info'!H21) -> 20 | O21: Sum: | P21: =P19+P20 -> 88 | Q21: =Q19+Q20 -> 78 | R21: No. of days: | S21: =COUNTA(_xlfn.UNIQUE('CSFA Accumilative data'!S:S)) -> 37 | U21: Crescon | V21: May | W21: =SUMIFS('CSFA Accumilative data'!K:K,'CSFA Accumilative data'!T:T,'Severity info'!V21,'CSFA Accumilative data'!O:O,'Severity info'!U21) -> 11
A22: Crescon | D22: 2 | E22: 2 | H22: CCEPL | I22: =SUMIFS('CSFA Accumilative data'!I:I,'CSFA Accumilative data'!O:O,'Severity info'!H22)/COUNTIFS('CSFA Accumilative data'!O:O,'Severity info'!H22) -> 3 | J22: =SUMIFS('CSFA Accumilative data'!N:N,'CSFA Accumilative data'!O:O,'Severity info'!H22) -> 8 | K22: =SUMIFS('CSFA Accumilative data'!$I$369:$I$553,'CSFA Accumilative data'!$O$369:$O$553,'Severity info'!H22)/COUNTIFS('CSFA Accumilative data'!$O$369:$O$553,'Severity info'!H22) -> 3.4 | L22: =SUMIFS('CSFA Accumilative data'!$N$369:$N$553,'CSFA Accumilative data'!$O$369:$O$553,'Severity info'!H22) -> 2 | R22: H.OBS/DAY | S22: =P21/S21 -> 2.3783784 | U22: EssPee | V22: May | W22: =SUMIFS('CSFA Accumilative data'!K:K,'CSFA Accumilative data'!T:T,'Severity info'!V22,'CSFA Accumilative data'!O:O,'Severity info'!U22) -> 0
A23: Satnam | D23: 3 | E23: 3 | H23: Aalanna | I23: =SUMIFS('CSFA Accumilative data'!I:I,'CSFA Accumilative data'!O:O,'Severity info'!H23)/COUNTIFS('CSFA Accumilative data'!O:O,'Severity info'!H23) -> 2.5535714 | J23: =SUMIFS('CSFA Accumilative data'!N:N,'CSFA Accumilative data'!O:O,'Severity info'!H23) -> 7 | K23: =SUMIFS('CSFA Accumilative data'!$I$369:$I$553,'CSFA Accumilative data'!$O$369:$O$553,'Severity info'!H23)/COUNTIFS('CSFA Accumilative data'!$O$369:$O$553,'Severity info'!H23) -> 2.125 | L23: =SUMIFS('CSFA Accumilative data'!$N$369:$N$553,'CSFA Accumilative data'!$O$369:$O$553,'Severity info'!H23) -> 2 | R23: H.CLOSURE | S23: =Q21/P21*100 -> 88.636364 | U23: Devansh | V23: May | W23: =SUMIFS('CSFA Accumilative data'!K:K,'CSFA Accumilative data'!T:T,'Severity info'!V23,'CSFA Accumilative data'!O:O,'Severity info'!U23) -> 1
A24: ESSWIN | D24: 2 | E24: 2 | H24: SPX | I24: =SUMIFS('CSFA Accumilative data'!I:I,'CSFA Accumilative data'!O:O,'Severity info'!H24)/COUNTIFS('CSFA Accumilative data'!O:O,'Severity info'!H24) -> 2.2142857 | J24: =SUMIFS('CSFA Accumilative data'!N:N,'CSFA Accumilative data'!O:O,'Severity info'!H24) -> 8 | K24: =SUMIFS('CSFA Accumilative data'!$I$369:$I$553,'CSFA Accumilative data'!$O$369:$O$553,'Severity info'!H24)/COUNTIFS('CSFA Accumilative data'!$O$369:$O$553,'Severity info'!H24) -> 2 | L24: =SUMIFS('CSFA Accumilative data'!$N$369:$N$553,'CSFA Accumilative data'!$O$369:$O$553,'Severity info'!H24) -> 2 | N24: unsafe act/cond | O24: =SUM('CSFA Accumilative data'!N:N)/SUM('CSFA Accumilative data'!M:M) -> 0.47826087 | U24: Fluidline | V24: May | W24: =SUMIFS('CSFA Accumilative data'!K:K,'CSFA Accumilative data'!T:T,'Severity info'!V24,'CSFA Accumilative data'!O:O,'Severity info'!U24) -> 2
A25: Common area | D25: 1 | E25: 1 | H25: GEA | I25: =SUMIFS('CSFA Accumilative data'!I:I,'CSFA Accumilative data'!O:O,'Severity info'!H25)/COUNTIFS('CSFA Accumilative data'!O:O,'Severity info'!H25) -> 2.8125 | J25: =SUMIFS('CSFA Accumilative data'!N:N,'CSFA Accumilative data'!O:O,'Severity info'!H25) -> 16 | K25: =SUMIFS('CSFA Accumilative data'!$I$369:$I$553,'CSFA Accumilative data'!$O$369:$O$553,'Severity info'!H25)/COUNTIFS('CSFA Accumilative data'!$O$369:$O$553,'Severity info'!H25) -> 3.1071429 | L25: =SUMIFS('CSFA Accumilative data'!$N$369:$N$553,'CSFA Accumilative data'!$O$369:$O$553,'Severity info'!H25) -> 10 | N25: unsafe acts: | O25: =SUM('CSFA Accumilative data'!N:N) -> 176 | U25: GEA | V25: May | W25: =SUMIFS('CSFA Accumilative data'!K:K,'CSFA Accumilative data'!T:T,'Severity info'!V25,'CSFA Accumilative data'!O:O,'Severity info'!U25) -> 1
A26: Grand Total | C26: 152 | D26: 398 | E26: 550 | H26: Devansh | I26: =SUMIFS('CSFA Accumilative data'!I:I,'CSFA Accumilative data'!O:O,'Severity info'!H26)/COUNTIFS('CSFA Accumilative data'!O:O,'Severity info'!H26) -> 2.4615385 | J26: =SUMIFS('CSFA Accumilative data'!N:N,'CSFA Accumilative data'!O:O,'Severity info'!H26) -> 0 | K26: =SUMIFS('CSFA Accumilative data'!I375:I560,'CSFA Accumilative data'!O375:O560,'Severity info'!H26)/(COUNTIFS('CSFA Accumilative data'!O375:O560,'Severity info'!H26)+0.000000001) -> 0 | L26: =SUMIFS('CSFA Accumilative data'!N371:N545,'CSFA Accumilative data'!O371:O545,'Severity info'!H26) -> 0 | U26: SPX | V26: May | W26: =SUMIFS('CSFA Accumilative data'!K:K,'CSFA Accumilative data'!T:T,'Severity info'!V26,'CSFA Accumilative data'!O:O,'Severity info'!U26) -> 1
G27: ZONE | H27: Zone 1 - Chiller Building and Oil Injection | I27: =SUMIFS('CSFA Accumilative data'!I:I,'CSFA Accumilative data'!R:R,'Severity info'!H27)/COUNTIFS('CSFA Accumilative data'!R:R,'Severity info'!H27) -> 2.9528302 | J27: =SUMIFS('CSFA Accumilative data'!N:N,'CSFA Accumilative data'!R:R,'Severity info'!H27) -> 69 | K27: =SUMIFS('CSFA Accumilative data'!$I$369:$I$553,'CSFA Accumilative data'!$R$369:$R$553,'Severity info'!H27)/COUNTIFS('CSFA Accumilative data'!$R$369:$R$553,'Severity info'!H27) -> 3.0123457 | L27: =SUMIFS('CSFA Accumilative data'!$N$369:$N$553,'CSFA Accumilative data'!$R$369:$R$553,'Severity info'!H27) -> 30 | U27: Aalanna | V27: June | W27: =SUMIFS('CSFA Accumilative data'!K:K,'CSFA Accumilative data'!T:T,'Severity info'!V27,'CSFA Accumilative data'!O:O,'Severity info'!U27) -> 5 | X27: =Vend_monthly_obs[[#This Row],[4&5 observations]]-W19 -> 1 | Z27: Aalanna | AA27: 5 | AB27: 1
H28: Zone 2 - Evaporator Building | I28: =SUMIFS('CSFA Accumilative data'!I:I,'CSFA Accumilative data'!R:R,'Severity info'!H28)/COUNTIFS('CSFA Accumilative data'!R:R,'Severity info'!H28) -> 2.776 | J28: =SUMIFS('CSFA Accumilative data'!N:N,'CSFA Accumilative data'!R:R,'Severity info'!H28) -> 34 | K28: =SUMIFS('CSFA Accumilative data'!$I$369:$I$553,'CSFA Accumilative data'!$R$369:$R$553,'Severity info'!H28)/COUNTIFS('CSFA Accumilative data'!$R$369:$R$553,'Severity info'!H28) -> 2.877193 | L28: =SUMIFS('CSFA Accumilative data'!$N$369:$N$553,'CSFA Accumilative data'!$R$369:$R$553,'Severity info'!H28) -> 15 | U28: CCEPL | V28: June | W28: =SUMIFS('CSFA Accumilative data'!K:K,'CSFA Accumilative data'!T:T,'Severity info'!V28,'CSFA Accumilative data'!O:O,'Severity info'!U28) -> 2 | X28: =Vend_monthly_obs[[#This Row],[4&5 observations]]-W20 -> 0 | Z28: CCEPL | AA28: 2 | AB28: 0
H29: Zone 3 - Contractor Yard and Periphery | I29: =SUMIFS('CSFA Accumilative data'!I:I,'CSFA Accumilative data'!R:R,'Severity info'!H29)/COUNTIFS('CSFA Accumilative data'!R:R,'Severity info'!H29) -> 2.6489362 | J29: =SUMIFS('CSFA Accumilative data'!N:N,'CSFA Accumilative data'!R:R,'Severity info'!H29) -> 25 | K29: =SUMIFS('CSFA Accumilative data'!$I$369:$I$553,'CSFA Accumilative data'!$R$369:$R$553,'Severity info'!H29)/COUNTIFS('CSFA Accumilative data'!$R$369:$R$553,'Severity info'!H29) -> 2.5357143 | L29: =SUMIFS('CSFA Accumilative data'!$N$369:$N$553,'CSFA Accumilative data'!$R$369:$R$553,'Severity info'!H29) -> 4 | U29: Crescon | V29: June | W29: =SUMIFS('CSFA Accumilative data'!K:K,'CSFA Accumilative data'!T:T,'Severity info'!V29,'CSFA Accumilative data'!O:O,'Severity info'!U29) -> 15 | X29: =Vend_monthly_obs[[#This Row],[4&5 observations]]-W21 -> 4 | Z29: Crescon | AA29: 14 | AB29: 3
H30: Zone 4 - Oil Blending, Panel Room, Refrigeration Building & Roof Areas | I30: =SUMIFS('CSFA Accumilative data'!I:I,'CSFA Accumilative data'!R:R,'Severity info'!H30)/COUNTIFS('CSFA Accumilative data'!R:R,'Severity info'!H30) -> 2.5681818 | J30: =SUMIFS('CSFA Accumilative data'!N:N,'CSFA Accumilative data'!R:R,'Severity info'!H30) -> 15 | K30: =SUMIFS('CSFA Accumilative data'!$I$369:$I$553,'CSFA Accumilative data'!$R$369:$R$553,'Severity info'!H30)/COUNTIFS('CSFA Accumilative data'!$R$369:$R$553,'Severity info'!H30) -> 2.4210526 | L30: =SUMIFS('CSFA Accumilative data'!$N$369:$N$553,'CSFA Accumilative data'!$R$369:$R$553,'Severity info'!H30) -> 9 | U30: EssPee | V30: June | W30: =SUMIFS('CSFA Accumilative data'!K:K,'CSFA Accumilative data'!T:T,'Severity info'!V30,'CSFA Accumilative data'!O:O,'Severity info'!U30) -> 2 | X30: =Vend_monthly_obs[[#This Row],[4&5 observations]]-W22 -> 2 | Z30: EssPee | AA30: 2 | AB30: 2
U31: Devansh | V31: June | W31: =SUMIFS('CSFA Accumilative data'!K:K,'CSFA Accumilative data'!T:T,'Severity info'!V31,'CSFA Accumilative data'!O:O,'Severity info'!U31) -> 2 | X31: =Vend_monthly_obs[[#This Row],[4&5 observations]]-W23 -> 1 | Z31: Devansh | AA31: 2 | AB31: 1
U32: Fluidline | V32: June | W32: =SUMIFS('CSFA Accumilative data'!K:K,'CSFA Accumilative data'!T:T,'Severity info'!V32,'CSFA Accumilative data'!O:O,'Severity info'!U32) -> 20 | X32: =Vend_monthly_obs[[#This Row],[4&5 observations]]-W24 -> 18 | Z32: Fluidline | AA32: 20 | AB32: 18
U33: GEA | V33: June | W33: =SUMIFS('CSFA Accumilative data'!K:K,'CSFA Accumilative data'!T:T,'Severity info'!V33,'CSFA Accumilative data'!O:O,'Severity info'!U33) -> 7 | X33: =Vend_monthly_obs[[#This Row],[4&5 observations]]-W25 -> 6 | Z33: GEA | AA33: 7 | AB33: 6
N34: Zone | O34: Avg. Severity Score | Q34: stat | R34: Value | U34: SPX | V34: June | W34: =SUMIFS('CSFA Accumilative data'!K:K,'CSFA Accumilative data'!T:T,'Severity info'!V34,'CSFA Accumilative data'!O:O,'Severity info'!U34) -> 1 | X34: =Vend_monthly_obs[[#This Row],[4&5 observations]]-W26 -> 0 | Z34: SPX | AA34: 1 | AB34: 0
N35: Zone 1 - Chiller Building and Oil Injection | O35: =I27 -> 2.9528302 | Q35: H.OBS/DAY | R35: =S22 -> 2.3783784
N36: Zone 2 - Evaporator Building | O36: =I28 -> 2.776 | Q36: H.CLOSURE | R36: =S23 -> 88.636364
N37: Zone 3 - Contractor Yard and Periphery | O37: =I29 -> 2.6489362 | Q37: unsafe act/cond | R37: =O24 -> 0.47826087
N38: Zone 4 - Oil Blending, Panel Room, Refrigeration Building & Roof Areas | O38: =I30 -> 2.5681818 | Q38: Total 4&5 | R38: =P21 -> 88
Q39: tot.no. of vend | R39: 13
H40: Trends | K40: Contracotr Severity | Q40: Avg manpower/day
H42: Category | I42: Count | K42: Vendor | L42: Avg. Severity Score
H43: =Sheet1!A4 -> Material Management | I43: =Sheet1!B4 -> 95 | K43: EssPee | L43: =I19 -> 2.6595745
H44: =Sheet1!A5 -> PPE | I44: =Sheet1!B5 -> 72 | K44: Crescon | L44: =I20 -> 3.025
H45: =Sheet1!A6 -> Work at Height | I45: =Sheet1!B6 -> 67 | K45: Fluidline | L45: =I21 -> 2.9716312
H46: =Sheet1!A7 -> Electrical | I46: =Sheet1!B7 -> 66 | K46: CCEPL | L46: =I22 -> 3
H47: =Sheet1!A8 -> Barricading | I47: =Sheet1!B8 -> 60 | K47: Aalanna | L47: =I23 -> 2.5535714
K48: SPX | L48: =I24 -> 2.2142857
K49: GEA | L49: =I25 -> 2.8125
K50: Devansh | L50: =I26 -> 2.4615385
L54: Vendor | M54: EssPee | N54: 2.3333333
M55: Crescon | N55: 3.0857143
M56: Fluidline | N56: 2.9607843
M57: CCEPL | N57: 3.4
M58: Aalanna | N58: 2.125
M59: SPX | N59: 2
M60: GEA | N60: 3.1071429
M61: Devansh | N61: 0

Sheet Sheet3
A1: Contractor name | B1: Crescon
A3: Row Labels | B3: Count of Observation Discription
A4: 1 | B4: 26
A5: (blank) | B5: 94
A6: Grand Total | B6: 120
B28: Date | C28: Count of Observation Discription
B29: 22-May | C29: 33
B30: 23-May | C30: 12
B31: 25-May | C31: 25
B32: 26-May | C32: 18
B33: 27-May | C33: 16
B34: 28-May | C34: 13
B35: 29-May | C35: 18
B36: 30-May | C36: 21
B37: 01-Jun | C37: 23
B38: 02-Jun | C38: 28
B39: 03-Jun | C39: 27
B40: 04-Jun | C40: 10
B41: 46178 | C41: 5
B42: 46179 | C42: 20

Sheet Sheet4
A2: Fall of Material
A3: Sharp Edges | I3: Trend
A4: Tools & Tackles | I4: Fall of Material
A5: Fall of Material | I5: Sharp Edges | K5: Row Labels | L5: Count of Trend | N5: Row Labels | O5: Count of Trend
A6: Barrication | I6: Tools & Tackles | K6: Barrication | L6: 4 | N6: Electrical Safety | O6: 13
A7: Scaffold Safety | I7: Fall of Material | K7: Electrical Safety | L7: 13 | N7: Fall of Material | O7: 10
A8: Fall from Height | I8: Barrication | K8: Ergonomic Hazard | L8: 1 | N8: Sharp Edges | O8: 6
A9: Electrical Safety | I9: Scaffold Safety | K9: Even Surface | L9: 3 | N9: Barrication | O9: 4
A10: Electrical Safety | I10: Fall from Height | K10: Fabrication | L10: 2 | N10: Fall from Height | O10: 4
A11: Sharp Edges | I11: Electrical Safety | K11: Fall from Height | L11: 4 | N11: PPE | O11: 4
A12: Fabrication | I12: Electrical Safety | K12: Fall of Material | L12: 10 | N12: Even Surface | O12: 3
A13: Supervision | I13: Sharp Edges | K13: Fire Safety | L13: 1 | N13: Scaffold Safety | O13: 3
A14: Sharp Edges | I14: Electrical Safety | K14: Illumination | L14: 1 | N14: Fabrication | O14: 2
A15: Sharp Edges | I15: Fabrication | K15: Line of Fire | L15: 1 | N15: Tools & Tackles | O15: 2
A16: Electrical Safety | I16: Supervision | K16: PPE | L16: 4 | N16: Ergonomic Hazard | O16: 1
A17: Tools & Tackles | I17: Sharp Edges | K17: Scaffold Safety | L17: 3 | N17: Fire Safety | O17: 1
... A21: Electrical Safety | I21: Barrication | K21: Tools & Tackles | L21: 2 | N21: Supervision | O21: 1
A22: Scaffold Safety | I22: Slip, Trip and Fall | K22: Grand Total | L22: 57
A23: Electrical Safety | I23: Sharp Edges
A24: Electrical Safety | I24: Electrical Safety
A25: Fall from Height | I25: Scaffold Safety
A26: Fire Safety | I26: Fabrication
A27: Ergonomic Hazard | I27: Electrical Safety
A28: Electrical Safety | I28: Electrical Safety
A29: Illumination | I29: Fall from Height
A30: Even Surface | I30: Fire Safety
A31: Fall of Material | I31: Ergonomic Hazard
A32: Fall of Material | I32: Electrical Safety
A33: Fall of Material | I33: Illumination
A34: Fall from Height | I34: Even Surface
... A56: Sharp Edges | I56: Electrical Safety
I57: Fall of Material
I58: Electrical Safety
I59: Fall of Material
I60: Sharp Edges

Sheet Sheet5
A1: 4 & 5 | B1: 1
A3: Count of Status | B3: Column Labels | S3: Row Labels | T3: Count of Status
B4: May | C4: Jun | D4: Grand Total | K4: 2.4 | S4: 5S | T4: 66
K5: 2.7 | S5: Barrication | T5: 41
A6: Row Labels | K6: 3 | S6: Slip, Trip and Fall | T6: 41
A7: Aalanna | B7: 4 | C7: 4 | D7: 8 | K7: 3.1 | S7: PPE | T7: 40
A8: CCEPL | B8: 2 | D8: 2 | K8: 2.6 | S8: Electrical Safety | T8: 38
A9: Crescon | B9: 11 | C9: 8 | D9: 19 | K9: 2.9 | S9: Fall from Height | T9: 24
A10: Crescon | C10: 1 | D10: 1 | K10: 2.9 | S10: Fall of Material | T10: 20
A11: Danone | C11: 4 | D11: 4 | K11: 2.2 | S11: Sharp Edges | T11: 20
A12: Devansh | B12: 1 | C12: 2 | D12: 3 | K12: 3.1 | S12: Other | T12: 13
A13: Esspee | C13: 2 | D13: 2 | K13: 2.9 | S13: Scaffold Safety | T13: 11
A14: Fluidline | B14: 2 | C14: 15 | D14: 17 | K14: 2.9 | S14: Fire Safety | T14: 9
A15: GEA | B15: 1 | C15: 1 | D15: 2 | K15: 2.9 | S15: Illumination | T15: 8
A16: Sai Electro | B16: 1 | D16: 1 | K16: 2.1 | S16: Tools & Tackles | T16: 8
A17: SPX | B17: 1 | D17: 1 | K17: 2.7 | S17: Human Error | T17: 7
A18: Grand Total | B18: 23 | C18: 37 | D18: 60 | K18: 2.9 | S18: Road Safety | T18: 7
S19: Safe Observation | T19: 6
S20: Ergonomic Hazard | T20: 4
S21: Even Surface | T21: 4
S22: Hygiene | T22: 4
S23: Line of Fire | T23: 4
S24: Material Handling | T24: 4
S25: Supervision | T25: 4
S26: Fabrication | T26: 3
S27: Wellbeing | T27: 3
S28: Lifting Operation | T28: 2
S29: Paralle Work | T29: 2
S30: Water Logging | T30: 2
... S39: Stability | T39: 1
